{"loss": [1.385243535041809, 0.4615238606929779, 0.2743518054485321, 0.1875433623790741, 0.13702157139778137, 0.11094354093074799, 0.0884249359369278, 0.07884581387042999, 0.06879223883152008, 0.056269560009241104], "accuracy": [0.5896151661872864, 0.8526922464370728, 0.911302387714386, 0.9379898905754089, 0.9543352723121643, 0.9637243151664734, 0.9712355136871338, 0.9734832048416138, 0.9771818518638611, 0.981677234172821], "val_loss": [0.5400103330612183, 0.27875733375549316, 0.31783273816108704, 0.16310952603816986, 0.17607949674129486, 0.14428353309631348, 0.12304555624723434, 0.14435988664627075, 0.11723605543375015, 0.12627507746219635], "val_accuracy": [0.8293876647949219, 0.909002959728241, 0.8946050405502319, 0.9457659721374512, 0.945538341999054, 0.9556680917739868, 0.9632369875907898, 0.9576029777526855, 0.9626678824424744, 0.963862955570221]}